Datetime,Water Level (m)
2026-06-12 00:00:00,-0.051895663
2026-06-12 01:00:00,-0.06151012
2026-06-12 02:00:00,0.056097537
2026-06-12 03:00:00,0.20660187
2026-06-12 04:00:00,0.39879754
2026-06-12 05:00:00,0.5150598
2026-06-12 06:00:00,0.59528786
2026-06-12 07:00:00,0.5856093
2026-06-12 08:00:00,0.5157677
2026-06-12 09:00:00,0.4178095
2026-06-12 10:00:00,0.32159173
2026-06-12 11:00:00,0.23514132
2026-06-12 12:00:00,0.15416938
2026-06-12 13:00:00,0.0929348
2026-06-12 14:00:00,0.12638563
2026-06-12 15:00:00,0.26558247
2026-06-12 16:00:00,0.4058928
2026-06-12 17:00:00,0.54275346
2026-06-12 18:00:00,0.6016516
2026-06-12 19:00:00,0.5647027
2026-06-12 20:00:00,0.49061972
2026-06-12 21:00:00,0.38658836
2026-06-12 22:00:00,0.28957507
2026-06-12 23:00:00,0.19506009
2026-06-13 00:00:00,0.104982525
2026-06-13 01:00:00,0.037888605
2026-06-13 02:00:00,0.026627751
2026-06-13 03:00:00,0.1545972
2026-06-13 04:00:00,0.33158484
2026-06-13 05:00:00,0.53181934
2026-06-13 06:00:00,0.6560343
2026-06-13 07:00:00,0.7303732
2026-06-13 08:00:00,0.7098306
2026-06-13 09:00:00,0.62298256
2026-06-13 10:00:00,0.5281003
2026-06-13 11:00:00,0.4244383
2026-06-13 12:00:00,0.3313072
2026-06-13 13:00:00,0.2396239
2026-06-13 14:00:00,0.1705685
2026-06-13 15:00:00,0.19380459
2026-06-13 16:00:00,0.3440852
2026-06-13 17:00:00,0.5213886
2026-06-13 18:00:00,0.6494633
2026-06-13 19:00:00,0.71677184
2026-06-13 20:00:00,0.6829889
2026-06-13 21:00:00,0.59289443
2026-06-13 22:00:00,0.48791993
2026-06-13 23:00:00,0.38860494
2026-06-14 00:00:00,0.29027608
2026-06-14 01:00:00,0.19953398
2026-06-14 02:00:00,0.12537503
2026-06-14 03:00:00,0.13539858
2026-06-14 04:00:00,0.2892558
2026-06-14 05:00:00,0.508201
2026-06-14 06:00:00,0.67691386
2026-06-14 07:00:00,0.80359954
2026-06-14 08:00:00,0.872853
2026-06-14 09:00:00,0.8441117
2026-06-14 10:00:00,0.7380201
2026-06-14 11:00:00,0.6378637
2026-06-14 12:00:00,0.54101473
2026-06-14 13:00:00,0.4361768
2026-06-14 14:00:00,0.33632714
2026-06-14 15:00:00,0.26655596
2026-06-14 16:00:00,0.29233655
2026-06-14 17:00:00,0.45276162
2026-06-14 18:00:00,0.6462833
2026-06-14 19:00:00,0.7585086
2026-06-14 20:00:00,0.81562364
2026-06-14 21:00:00,0.7586303
2026-06-14 22:00:00,0.6531907
2026-06-14 23:00:00,0.5588621
2026-06-15 00:00:00,0.45963076
2026-06-15 01:00:00,0.36367527
2026-06-15 02:00:00,0.26981005
2026-06-15 03:00:00,0.1964139
2026-06-15 04:00:00,0.2178161
2026-06-15 05:00:00,0.39234453
2026-06-15 06:00:00,0.63298434
2026-06-15 07:00:00,0.79989964
2026-06-15 08:00:00,0.9244976
2026-06-15 09:00:00,0.98606396
2026-06-15 10:00:00,0.9217483
2026-06-15 11:00:00,0.813199
2026-06-15 12:00:00,0.7115633
2026-06-15 13:00:00,0.6167079
2026-06-15 14:00:00,0.5112946
2026-06-15 15:00:00,0.41540363
2026-06-15 16:00:00,0.34426364
2026-06-15 17:00:00,0.38290256
2026-06-15 18:00:00,0.55363524
2026-06-15 19:00:00,0.75471956
2026-06-15 20:00:00,0.8643897
2026-06-15 21:00:00,0.9126478
2026-06-15 22:00:00,0.8359434
2026-06-15 23:00:00,0.7311891
2026-06-16 00:00:00,0.64105326
2026-06-16 01:00:00,0.54307646
2026-06-16 02:00:00,0.44731453
2026-06-16 03:00:00,0.35501054
2026-06-16 04:00:00,0.28850037
2026-06-16 05:00:00,0.3338679
2026-06-16 06:00:00,0.5292109
2026-06-16 07:00:00,0.7712827
2026-06-16 08:00:00,0.93334335
2026-06-16 09:00:00,1.0424441
2026-06-16 10:00:00,1.0754929
2026-06-16 11:00:00,0.9938368
2026-06-16 12:00:00,0.88134104
2026-06-16 13:00:00,0.7577951
2026-06-16 14:00:00,0.6858224
2026-06-16 15:00:00,0.57762355
2026-06-16 16:00:00,0.48347786
2026-06-16 17:00:00,0.42306218
2026-06-16 18:00:00,0.48255187
2026-06-16 19:00:00,0.6617345
2026-06-16 20:00:00,0.85425353
2026-06-16 21:00:00,0.9545646
2026-06-16 22:00:00,0.9776956
2026-06-16 23:00:00,0.8786075
2026-06-17 00:00:00,0.7819181
2026-06-17 01:00:00,0.694237
2026-06-17 02:00:00,0.5997663
2026-06-17 03:00:00,0.5058764
2026-06-17 04:00:00,0.41813385
2026-06-17 05:00:00,0.3680617
2026-06-17 06:00:00,0.45236227
2026-06-17 07:00:00,0.6750294
2026-06-17 08:00:00,0.8905913
2026-06-17 09:00:00,1.0407729
2026-06-17 10:00:00,1.1384165
2026-06-17 11:00:00,1.1493095
2026-06-17 12:00:00,1.0375996
2026-06-17 13:00:00,0.92142206
2026-06-17 14:00:00,0.8123961
2026-06-17 15:00:00,0.73479146
2026-06-17 16:00:00,0.6272124
2026-06-17 17:00:00,0.5378727
2026-06-17 18:00:00,0.49565712
2026-06-17 19:00:00,0.58881843
2026-06-17 20:00:00,0.7848413
2026-06-17 21:00:00,0.9424208
2026-06-17 22:00:00,1.027193
2026-06-17 23:00:00,1.0303805
2026-06-18 00:00:00,0.9260941
